"행정구역","2026년08월_총인구수","2026년08월_세대수","2026년08월_세대당 인구","2026년08월_남자 인구수","2026년08월_여자 인구수","2026년08월_남여 비율"
"전국  (1000000000)","51,084,159","24,505,258","          2.08","25,412,088","25,672,071","          0.99"
"서울특별시  (1100000000)","9,281,625","4,525,061","          2.05","4,466,290","4,815,335","          0.93"
"전남광주통합특별시  (1200000000)","3,155,803","1,579,291","          2.00","1,578,180","1,577,623","          1.00"
"부산광역시  (2600000000)","3,229,467","1,583,256","          2.04","1,568,318","1,661,149","          0.94"
"대구광역시  (2700000000)","2,346,277","1,123,265","          2.09","1,148,130","1,198,147","          0.96"
"인천광역시  (2800000000)","3,066,185","1,418,345","          2.16","1,530,650","1,535,535","          1.00"
"대전광역시  (3000000000)","1,442,838","706,437","          2.04","718,413","724,425","          0.99"
"울산광역시  (3100000000)","1,086,373","502,387","          2.16","560,121","526,252","          1.06"
"세종특별자치시  (3600000000)","390,738","165,930","          2.35","194,589","196,149","          0.99"
"경기도  (4100000000)","13,773,918","6,189,087","          2.23","6,914,277","6,859,641","          1.01"
"강원특별자치도  (5100000000)","1,506,662","775,882","          1.94","757,981","748,681","          1.01"
"충청북도  (4300000000)","1,601,367","808,665","          1.98","816,717","784,650","          1.04"
"충청남도  (4400000000)","2,138,938","1,072,860","          1.99","1,098,834","1,040,104","          1.06"
"전북특별자치도  (5200000000)","1,716,965","874,337","          1.96","855,796","861,169","          0.99"
"경상북도  (4700000000)","2,492,677","1,303,782","          1.91","1,262,786","1,229,891","          1.03"
"경상남도  (4800000000)","3,191,645","1,558,906","          2.05","1,609,943","1,581,702","          1.02"
"제주특별자치도  (5000000000)","662,681","317,767","          2.09","331,063","331,618","          1.00"
