,title,url
0,틀:화성시의 시설+12,https://namu.wiki/w/%ED%8B%80:%ED%99%94%EC%84%B1%EC%8B%9C%EC%9D%98%20%EC%8B%9C%EC%84%A4
1,사실은 에로했던 동화 빨간 망토0,https://namu.wiki/w/%EC%82%AC%EC%8B%A4%EC%9D%80%20%EC%97%90%EB%A1%9C%ED%96%88%EB%8D%98%20%EB%8F%99%ED%99%94%20%EB%B9%A8%EA%B0%84%20%EB%A7%9D%ED%86%A0
2,네 가지 소원/7회전+25,https://namu.wiki/w/%EB%84%A4%20%EA%B0%80%EC%A7%80%20%EC%86%8C%EC%9B%90/7%ED%9A%8C%EC%A0%84
3,레안드로 파레데스+31,https://namu.wiki/w/%EB%A0%88%EC%95%88%EB%93%9C%EB%A1%9C%20%ED%8C%8C%EB%A0%88%EB%8D%B0%EC%8A%A4
4,홍지원(이름 없는 여자)+3,https://namu.wiki/w/%ED%99%8D%EC%A7%80%EC%9B%90(%EC%9D%B4%EB%A6%84%20%EC%97%86%EB%8A%94%20%EC%97%AC%EC%9E%90)
5,스파이더맨(스파이더맨 트릴로지)/작중 행적+1,https://namu.wiki/w/%EC%8A%A4%ED%8C%8C%EC%9D%B4%EB%8D%94%EB%A7%A8(%EC%8A%A4%ED%8C%8C%EC%9D%B4%EB%8D%94%EB%A7%A8%20%ED%8A%B8%EB%A6%B4%EB%A1%9C%EC%A7%80)/%EC%9E%91%EC%A4%91%20%ED%96%89%EC%A0%81
6,대한민국 해병대/수색대+1,https://namu.wiki/w/%EB%8C%80%ED%95%9C%EB%AF%BC%EA%B5%AD%20%ED%95%B4%EB%B3%91%EB%8C%80/%EC%88%98%EC%83%89%EB%8C%80
7,손진욱-42,https://namu.wiki/w/%EC%86%90%EC%A7%84%EC%9A%B1
8,마슈탄+19,https://namu.wiki/w/%EB%A7%88%EC%8A%88%ED%83%84
9,현원회/선수 경력+26,https://namu.wiki/w/%ED%98%84%EC%9B%90%ED%9A%8C/%EC%84%A0%EC%88%98%20%EA%B2%BD%EB%A0%A5
10,흑수돌-2,https://namu.wiki/w/%ED%9D%91%EC%88%98%EB%8F%8C
11,도일성+148,https://namu.wiki/w/%EB%8F%84%EC%9D%BC%EC%84%B1
12,야마구치 코키+464,https://namu.wiki/w/%EC%95%BC%EB%A7%88%EA%B5%AC%EC%B9%98%20%EC%BD%94%ED%82%A4
13,WTA 투어/2026+36,https://namu.wiki/w/WTA%20%ED%88%AC%EC%96%B4/2026
14,운영회의 규정-3,https://namu.wiki/w/%EC%9A%B4%EC%98%81%ED%9A%8C%EC%9D%98%20%EA%B7%9C%EC%A0%95
15,탱킹+13,https://namu.wiki/w/%ED%83%B1%ED%82%B9
16,몽골야생말-1,https://namu.wiki/w/%EB%AA%BD%EA%B3%A8%EC%95%BC%EC%83%9D%EB%A7%90
17,봉누도 2/집단 및 세력/교통정비공사-1,https://namu.wiki/w/%EB%B4%89%EB%88%84%EB%8F%84%202/%EC%A7%91%EB%8B%A8%20%EB%B0%8F%20%EC%84%B8%EB%A0%A5/%EA%B5%90%ED%86%B5%EC%A0%95%EB%B9%84%EA%B3%B5%EC%82%AC
18,앙주(스텔라 소라)+28,https://namu.wiki/w/%EC%95%99%EC%A3%BC(%EC%8A%A4%ED%85%94%EB%9D%BC%20%EC%86%8C%EB%9D%BC)
19,배현진/생애+45,https://namu.wiki/w/%EB%B0%B0%ED%98%84%EC%A7%84/%EC%83%9D%EC%95%A0
20,울진종합버스터미널+56,https://namu.wiki/w/%EC%9A%B8%EC%A7%84%EC%A2%85%ED%95%A9%EB%B2%84%EC%8A%A4%ED%84%B0%EB%AF%B8%EB%84%90
21,송민경(멀티 엔터테이너)/라디오-22,https://namu.wiki/w/%EC%86%A1%EB%AF%BC%EA%B2%BD(%EB%A9%80%ED%8B%B0%20%EC%97%94%ED%84%B0%ED%85%8C%EC%9D%B4%EB%84%88)/%EB%9D%BC%EB%94%94%EC%98%A4
22,손봄+33,https://namu.wiki/w/%EC%86%90%EB%B4%84
23,왕립스코틀랜드연대-100,https://namu.wiki/w/%EC%99%95%EB%A6%BD%EC%8A%A4%EC%BD%94%ED%8B%80%EB%9E%9C%EB%93%9C%EC%97%B0%EB%8C%80
24,NC 다이노스/2026년/9~10월+37,https://namu.wiki/w/NC%20%EB%8B%A4%EC%9D%B4%EB%85%B8%EC%8A%A4/2026%EB%85%84/9~10%EC%9B%94
25,현원회/선수 경력+51,https://namu.wiki/w/%ED%98%84%EC%9B%90%ED%9A%8C/%EC%84%A0%EC%88%98%20%EA%B2%BD%EB%A0%A5
26,수원시+28,https://namu.wiki/w/%EC%88%98%EC%9B%90%EC%8B%9C
27,김윤태+121,https://namu.wiki/w/%EA%B9%80%EC%9C%A4%ED%83%9C
28,최은정(박태준 유니버스)+10,https://namu.wiki/w/%EC%B5%9C%EC%9D%80%EC%A0%95(%EB%B0%95%ED%83%9C%EC%A4%80%20%EC%9C%A0%EB%8B%88%EB%B2%84%EC%8A%A4)
29,우민 최고의회+2,https://namu.wiki/w/%EC%9A%B0%EB%AF%BC%20%EC%B5%9C%EA%B3%A0%EC%9D%98%ED%9A%8C
30,아냐 포저+170,https://namu.wiki/w/%EC%95%84%EB%83%90%20%ED%8F%AC%EC%A0%80
31,EVAN(2001)-31804,https://namu.wiki/w/EVAN(2001)
32,치지직/같이보기+136,https://namu.wiki/w/%EC%B9%98%EC%A7%80%EC%A7%81/%EA%B0%99%EC%9D%B4%EB%B3%B4%EA%B8%B0
33,마사키 토모야+248,https://namu.wiki/w/%EB%A7%88%EC%82%AC%ED%82%A4%20%ED%86%A0%EB%AA%A8%EC%95%BC
34,김병현(성우)+30,https://namu.wiki/w/%EA%B9%80%EB%B3%91%ED%98%84(%EC%84%B1%EC%9A%B0)
35,능인중학교0,https://namu.wiki/w/%EB%8A%A5%EC%9D%B8%EC%A4%91%ED%95%99%EA%B5%90
36,오카다 가쓰야+87,https://namu.wiki/w/%EC%98%A4%EC%B9%B4%EB%8B%A4%20%EA%B0%80%EC%93%B0%EC%95%BC
37,남극의 셰프+4,https://namu.wiki/w/%EB%82%A8%EA%B7%B9%EC%9D%98%20%EC%85%B0%ED%94%84
38,사실은 에로했던 동화 빨간 망토+1002,https://namu.wiki/w/%EC%82%AC%EC%8B%A4%EC%9D%80%20%EC%97%90%EB%A1%9C%ED%96%88%EB%8D%98%20%EB%8F%99%ED%99%94%20%EB%B9%A8%EA%B0%84%20%EB%A7%9D%ED%86%A0
39,사용자:SamSara0,https://namu.wiki/w/%EC%82%AC%EC%9A%A9%EC%9E%90:SamSara
40,시사토픽+12,https://namu.wiki/w/%EC%8B%9C%EC%82%AC%ED%86%A0%ED%94%BD
41,우민 최고의회+11,https://namu.wiki/w/%EC%9A%B0%EB%AF%BC%20%EC%B5%9C%EA%B3%A0%EC%9D%98%ED%9A%8C
42,홍방장/논란 및 사건 사고-69,https://namu.wiki/w/%ED%99%8D%EB%B0%A9%EC%9E%A5/%EB%85%BC%EB%9E%80%20%EB%B0%8F%20%EC%82%AC%EA%B1%B4%20%EC%82%AC%EA%B3%A0
43,쿠차라+10,https://namu.wiki/w/%EC%BF%A0%EC%B0%A8%EB%9D%BC
44,능인고등학교0,https://namu.wiki/w/%EB%8A%A5%EC%9D%B8%EA%B3%A0%EB%93%B1%ED%95%99%EA%B5%90
45,박성빈(2004)+18,https://namu.wiki/w/%EB%B0%95%EC%84%B1%EB%B9%88(2004)
46,사용자:SamSara-3,https://namu.wiki/w/%EC%82%AC%EC%9A%A9%EC%9E%90:SamSara
47,최희선의 뮤즈스카이+6,https://namu.wiki/w/%EC%B5%9C%ED%9D%AC%EC%84%A0%EC%9D%98%20%EB%AE%A4%EC%A6%88%EC%8A%A4%EC%B9%B4%EC%9D%B4
48,10월 6일+150,https://namu.wiki/w/10%EC%9B%94%206%EC%9D%BC
49,히카르두 누네즈-4,https://namu.wiki/w/%ED%9E%88%EC%B9%B4%EB%A5%B4%EB%91%90%20%EB%88%84%EB%84%A4%EC%A6%88
50,이제는+45,https://namu.wiki/w/%EC%9D%B4%EC%A0%9C%EB%8A%94
51,야간매점/역대 메뉴0,https://namu.wiki/w/%EC%95%BC%EA%B0%84%EB%A7%A4%EC%A0%90/%EC%97%AD%EB%8C%80%20%EB%A9%94%EB%89%B4
52,고의정+4,https://namu.wiki/w/%EA%B3%A0%EC%9D%98%EC%A0%95
53,우민 최고의회+1449,https://namu.wiki/w/%EC%9A%B0%EB%AF%BC%20%EC%B5%9C%EA%B3%A0%EC%9D%98%ED%9A%8C
54,황순유의 해피타임 907+6,https://namu.wiki/w/%ED%99%A9%EC%88%9C%EC%9C%A0%EC%9D%98%20%ED%95%B4%ED%94%BC%ED%83%80%EC%9E%84%20907
55,배현진/생애+140,https://namu.wiki/w/%EB%B0%B0%ED%98%84%EC%A7%84/%EC%83%9D%EC%95%A0
56,로스앤젤레스 램스/2026년0,https://namu.wiki/w/%EB%A1%9C%EC%8A%A4%EC%95%A4%EC%A0%A4%EB%A0%88%EC%8A%A4%20%EB%9E%A8%EC%8A%A4/2026%EB%85%84
57,히카르두 누네즈+2863,https://namu.wiki/w/%ED%9E%88%EC%B9%B4%EB%A5%B4%EB%91%90%20%EB%88%84%EB%84%A4%EC%A6%88
58,마이클 올리세/2026-27 시즌+145,https://namu.wiki/w/%EB%A7%88%EC%9D%B4%ED%81%B4%20%EC%98%AC%EB%A6%AC%EC%84%B8/2026-27%20%EC%8B%9C%EC%A6%8C
59,세레나와 불가사의한 미궁/줄거리-1,https://namu.wiki/w/%EC%84%B8%EB%A0%88%EB%82%98%EC%99%80%20%EB%B6%88%EA%B0%80%EC%82%AC%EC%9D%98%ED%95%9C%20%EB%AF%B8%EA%B6%81/%EC%A4%84%EA%B1%B0%EB%A6%AC
60,2018 DIA FAN-CON: DO IT AMAZING+57,https://namu.wiki/w/2018%20DIA%20FAN-CON:%20DO%20IT%20AMAZING
61,하피냐(동명이인)+4,https://namu.wiki/w/%ED%95%98%ED%94%BC%EB%83%90(%EB%8F%99%EB%AA%85%EC%9D%B4%EC%9D%B8)
62,Z 건담-12,https://namu.wiki/w/Z%20%EA%B1%B4%EB%8B%B4
63,아이오와 대학교+80,https://namu.wiki/w/%EC%95%84%EC%9D%B4%EC%98%A4%EC%99%80%20%EB%8C%80%ED%95%99%EA%B5%90
64,로스앤젤레스 램스/2026년+362,https://namu.wiki/w/%EB%A1%9C%EC%8A%A4%EC%95%A4%EC%A0%A4%EB%A0%88%EC%8A%A4%20%EB%9E%A8%EC%8A%A4/2026%EB%85%84
65,호아-22,https://namu.wiki/w/%ED%98%B8%EC%95%84
66,사용자:ygh4308+16,https://namu.wiki/w/%EC%82%AC%EC%9A%A9%EC%9E%90:ygh4308
67,베를린 공방전+1,https://namu.wiki/w/%EB%B2%A0%EB%A5%BC%EB%A6%B0%20%EA%B3%B5%EB%B0%A9%EC%A0%84
68,재일 한국-조선인+1,https://namu.wiki/w/%EC%9E%AC%EC%9D%BC%20%ED%95%9C%EA%B5%AD-%EC%A1%B0%EC%84%A0%EC%9D%B8
69,최우진(2004)+112,https://namu.wiki/w/%EC%B5%9C%EC%9A%B0%EC%A7%84(2004)
70,고의정+19,https://namu.wiki/w/%EA%B3%A0%EC%9D%98%EC%A0%95
71,전준표/선수 경력/2026년+7,https://namu.wiki/w/%EC%A0%84%EC%A4%80%ED%91%9C/%EC%84%A0%EC%88%98%20%EA%B2%BD%EB%A0%A5/2026%EB%85%84
72,코블러(DOORS)-1,https://namu.wiki/w/%EC%BD%94%EB%B8%94%EB%9F%AC(DOORS)
73,박지훈(2007)+189,https://namu.wiki/w/%EB%B0%95%EC%A7%80%ED%9B%88(2007)
74,하피냐+44,https://namu.wiki/w/%ED%95%98%ED%94%BC%EB%83%90
75,카밀 튜이+53,https://namu.wiki/w/%EC%B9%B4%EB%B0%80%20%ED%8A%9C%EC%9D%B4
76,어린이보호구역+74,https://namu.wiki/w/%EC%96%B4%EB%A6%B0%EC%9D%B4%EB%B3%B4%ED%98%B8%EA%B5%AC%EC%97%AD
77,제물 투표0,https://namu.wiki/w/%EC%A0%9C%EB%AC%BC%20%ED%88%AC%ED%91%9C
78,호스텔 시리즈+5,https://namu.wiki/w/%ED%98%B8%EC%8A%A4%ED%85%94%20%EC%8B%9C%EB%A6%AC%EC%A6%88
79,삼성 라이온즈/2026년/9~10월+10,https://namu.wiki/w/%EC%82%BC%EC%84%B1%20%EB%9D%BC%EC%9D%B4%EC%98%A8%EC%A6%88/2026%EB%85%84/9~10%EC%9B%94
80,봉누도 2/집단 및 세력/교통정비공사-2,https://namu.wiki/w/%EB%B4%89%EB%88%84%EB%8F%84%202/%EC%A7%91%EB%8B%A8%20%EB%B0%8F%20%EC%84%B8%EB%A0%A5/%EA%B5%90%ED%86%B5%EC%A0%95%EB%B9%84%EA%B3%B5%EC%82%AC
81,사형/국가별 현황/대한민국/사형수-3,https://namu.wiki/w/%EC%82%AC%ED%98%95/%EA%B5%AD%EA%B0%80%EB%B3%84%20%ED%98%84%ED%99%A9/%EB%8C%80%ED%95%9C%EB%AF%BC%EA%B5%AD/%EC%82%AC%ED%98%95%EC%88%98
82,박정빈(야구선수)/선수 경력+151,https://namu.wiki/w/%EB%B0%95%EC%A0%95%EB%B9%88(%EC%95%BC%EA%B5%AC%EC%84%A0%EC%88%98)/%EC%84%A0%EC%88%98%20%EA%B2%BD%EB%A0%A5
83,원종준+60,https://namu.wiki/w/%EC%9B%90%EC%A2%85%EC%A4%80
84,최우진(2004)+32,https://namu.wiki/w/%EC%B5%9C%EC%9A%B0%EC%A7%84(2004)
85,소라시나 소피아+17,https://namu.wiki/w/%EC%86%8C%EB%9D%BC%EC%8B%9C%EB%82%98%20%EC%86%8C%ED%94%BC%EC%95%84
86,원소술사(글룸헤이븐)+124,https://namu.wiki/w/%EC%9B%90%EC%86%8C%EC%88%A0%EC%82%AC(%EA%B8%80%EB%A3%B8%ED%97%A4%EC%9D%B4%EB%B8%90)
87,To LOVE 트러블 다크니스 2nd-21,https://namu.wiki/w/To%20LOVE%20%ED%8A%B8%EB%9F%AC%EB%B8%94%20%EB%8B%A4%ED%81%AC%EB%8B%88%EC%8A%A4%202nd
88,코스피/역사/2026년+13,https://namu.wiki/w/%EC%BD%94%EC%8A%A4%ED%94%BC/%EC%97%AD%EC%82%AC/2026%EB%85%84
89,아나톨 프랑스+2,https://namu.wiki/w/%EC%95%84%EB%82%98%ED%86%A8%20%ED%94%84%EB%9E%91%EC%8A%A4
90,숙영(대조영)-22,https://namu.wiki/w/%EC%88%99%EC%98%81(%EB%8C%80%EC%A1%B0%EC%98%81)
91,kt wiz/유니폼0,https://namu.wiki/w/kt%20wiz/%EC%9C%A0%EB%8B%88%ED%8F%BC
92,삼성 라이온즈/2026년/9~10월+60,https://namu.wiki/w/%EC%82%BC%EC%84%B1%20%EB%9D%BC%EC%9D%B4%EC%98%A8%EC%A6%88/2026%EB%85%84/9~10%EC%9B%94
93,2018 DIA FAN-CON: DO IT AMAZING+507,https://namu.wiki/w/2018%20DIA%20FAN-CON:%20DO%20IT%20AMAZING
94,파일:오타니김혜성스토리.jpg+5,https://namu.wiki/w/%ED%8C%8C%EC%9D%BC:%EC%98%A4%ED%83%80%EB%8B%88%EA%B9%80%ED%98%9C%EC%84%B1%EC%8A%A4%ED%86%A0%EB%A6%AC.jpg
95,사용자:Seho07+20,https://namu.wiki/w/%EC%82%AC%EC%9A%A9%EC%9E%90:Seho07
96,동화약품-2,https://namu.wiki/w/%EB%8F%99%ED%99%94%EC%95%BD%ED%92%88
97,삼요정 SAY YA!!!+71,https://namu.wiki/w/%EC%82%BC%EC%9A%94%EC%A0%95%20SAY%20YA!!!
98,상벌점 괴물+1,https://namu.wiki/w/%EC%83%81%EB%B2%8C%EC%A0%90%20%EA%B4%B4%EB%AC%BC
99,박병찬(2008)-2,https://namu.wiki/w/%EB%B0%95%EB%B3%91%EC%B0%AC(2008)
